,dataset,method,precision,recall,f1,duration,cpu-energy,cpu-power,gpu-energy,gpu-power,ram-energy,ram-power,total-energy,normalised-runtime,normalised-energy,size_el,normalised-energy-log
0,1-amazon_google,JedAI,0.63,0.7,0.66,6.79,4.92,1.23,0,0,29.45,3.68,34.37,0,0.01,4589,-2.12553852555743
1,2-fordors_zagats,JedAI,0.61,1,0.76,4.25,1.14,0.38,0,0,17.41,3.48,18.55,0,0.02,864,-1.66816982852783
2,3-beer,JedAI,0.02,0.87,0.05,8.85,11.3,1.88,0,0,42.19,4.22,53.49,0,0.01,7345,-2.13771920223126
3,4-dblp_acm,JedAI,0.98,0.99,0.98,9.93,9.04,1.51,0,0,48.1,4.37,57.14,0,0.01,4589,-1.90477782164794
4,5-dblp_acm-noisy,JedAI,0.97,0.99,0.98,10.66,15.35,2.19,0,0,49.69,4.14,65.04,0,0.01,4910,-1.87790095953696
5,6-dblp_scholar,JedAI,0.92,0.44,0.59,493.6,792.78,2.94,0,0,1390.54,2.93,2183.32,0.01,0.03,66879,-1.48617237766084
6,7-dblp_scholar-noisy,JedAI,0.91,0.44,0.59,390.82,817.72,3.77,0,0,1150.43,3.06,1968.15,0.01,0.03,66879,-1.53123157619738
7,8-itunes_amazon,JedAI,0,0.16,0.01,512.92,987.65,3.49,0,0,2590.98,5.24,3578.63,0.01,0.05,69737,-1.28974646228323
8,9-itunes_amazon-noisy,JedAI,0.01,0.19,0.01,726.69,1417.77,3.54,0,0,3743.91,5.36,5161.68,0.01,0.07,69737,-1.13067218380984
9,10-walmart_amazon,JedAI,0.34,0.81,0.48,46.3,73.61,2.83,0,0,205.41,4.47,279.02,0,0.01,24628,-1.94579381054072
10,11-walmart_amazon-noisy,JedAI,0.33,0.8,0.47,47.37,80.8,2.99,0,0,211.93,4.51,292.73,0,0.01,24628,-1.92496191217881
11,12-movie,JedAI,0.9,0.97,0.93,214.71,414.36,3.51,0,0,733.02,3.54,1147.38,0,0.02,49875,-1.63817563327679
12,13-abt_buy,JedAI,0.91,0.89,0.9,5.98,5.19,1.3,0,0,28.67,4.1,33.86,0,0.02,2173,-1.80737277254761
13,1-amazon_google,GE,0.76,0.57,0.65,412,431.8,1.84,0,0,1441.58,3.65,1873.38,0.09,0.41,4589,-0.389092178256263
14,2-fordors_zagats,GE,0.99,0.99,0.99,85,73.95,1.54,0,0,250.98,3.06,324.93,0.1,0.38,864,-0.42472393192499
15,3-beer,GE,1,0.84,0.91,481,918.13,3.33,0,0,2092.17,4.55,3010.3,0.07,0.41,7345,-0.387382021525047
16,4-dblp_acm,GE,0.99,0.97,0.98,532,834.88,2.71,0,0,2326.04,4.56,3160.92,0.12,0.69,4589,-0.161904553312913
17,5-dblp_acm-noisy,GE,0.99,0.96,0.97,556,875.58,2.72,0,0,2408.39,4.53,3283.97,0.11,0.67,4910,-0.174682311061061
18,6-dblp_scholar,GE,0.94,0.42,0.58,6627,11142.51,2.92,0,0,36703.72,5.8,47846.23,0.1,0.72,66879,-0.145442047120979
19,7-dblp_scholar-noisy,GE,0.9,0.4,0.56,7035,15275.08,3.76,0,0,51607.12,7.66,66882.2,0.11,1,66879,2.07794538678842E-05
20,8-itunes_amazon,GE,0.2,0.17,0.18,5966,11117.24,3.24,0,0,29462.85,5.17,40580.09,0.09,0.58,69737,-0.235150254734648
21,9-itunes_amazon-noisy,GE,0.1,0.08,0.09,5981,11776.41,3.42,0,0,30598.72,5.35,42375.13,0.09,0.61,69737,-0.216352217069198
22,10-walmart_amazon,GE,0.7,0.62,0.66,2364,3015.99,2.24,0,0,9458.63,4.19,12474.62,0.1,0.51,24628,-0.295401819835775
23,11-walmart_amazon-noisy,GE,0.67,0.59,0.63,2366,3205.95,2.37,0,0,9561.01,4.23,12766.96,0.1,0.52,24628,-0.285341647217388
24,12-movie,GE,0.84,0.84,0.84,4832,8803.08,3.17,0,0,23796.67,5.15,32599.75,0.1,0.65,49875,-0.184668639118792
25,13-abt_buy,GE,0.81,0.53,0.64,183,245.08,2.36,0,0,661.87,3.78,906.95,0.08,0.42,2173,-0.379476381181762
26,1-amazon_google,DeepMatcher,0.67,0.64,0.65,250.52,183.12,1.28,2531.83,12.92,926.15,3.91,3641.1,0.02,0.32,11460,-0.497952010971032
27,2-fordors_zagats,DeepMatcher,0.86,0.86,0.86,38.37,31.74,1.44,330.38,11.01,139.5,3.88,501.62,0.04,0.53,946,-0.275516292557444
28,3-beer,DeepMatcher,0.73,0.57,0.64,19,13.79,1.38,132.7,9.48,55.91,3.29,202.4,0.04,0.45,450,-0.347002005607582
29,4-dblp_acm,DeepMatcher,1,1,1,277.62,206.79,1.3,1982.77,9.1,1032.83,3.91,3222.39,0.02,0.26,12363,-0.583945768108921
30,5-dblp_acm-noisy,DeepMatcher,0.96,0.97,0.96,490.45,433.58,1.55,8044.93,21.01,2498.37,5.38,10976.88,0.04,0.89,12363,-0.0516449527488937
31,6-dblp_scholar,DeepMatcher,0.95,0.94,0.95,929.47,692.86,1.31,13529.88,18.58,4173.04,4.74,18395.78,0.03,0.64,28707,-0.193269602211295
32,7-dblp_scholar-noisy,DeepMatcher,0.92,0.93,0.93,1025,792.17,1.35,16314.97,20.34,4944.73,5.1,22051.87,0.04,0.77,28707,-0.114542385736169
33,8-itunes_amazon,DeepMatcher,0.96,0.96,0.96,40.65,31.63,1.38,489.22,15.78,175.25,4.61,696.1,0.08,1.29,539,0.11108286857405
34,9-itunes_amazon-noisy,DeepMatcher,0.83,0.7,0.76,44.17,38.17,1.53,583.84,17.17,211.19,5.15,833.2,0.08,1.55,539,0.18916049608897
35,10-walmart_amazon,DeepMatcher,0.78,0.52,0.62,341.23,256.5,1.32,3800.45,14.23,1393.54,4.31,5450.49,0.03,0.53,10242,-0.273949224317097
36,11-walmart_amazon-noisy,DeepMatcher,0.49,0.38,0.43,350.92,282.85,1.41,3968.97,14.43,1439.25,4.34,5691.07,0.03,0.56,10242,-0.255190844047359
37,12-movie,DeepMatcher,1,1,1,1928.54,1597.69,1.45,16369.67,10.84,7620.36,4.18,25587.72,0.05,0.62,41010,-0.204858179591509
38,13-abt_buy,DeepMatcher,0.7,0.61,0.65,336.48,268.4,1.4,5841.36,22.38,1724.82,5.42,7834.58,0.04,0.82,9575,-0.0871230630832123
39,1-amazon_google,Ditto,0.63,0.75,0.72,6683,11375.11,3.03,305212.61,45.67,56805.5,8.5,373393.22,0.58,32.58,11460,1.51298181022025
40,2-fordors_zagats,Ditto,1,1,1,614,958.2,2.85,26629.18,43.37,5219,8.5,32806.38,0.65,34.68,946,1.54006717466819
41,3-beer,Ditto,0.52,1,0.7,303,458.66,2.87,12874.47,42.49,2575.5,8.5,15908.63,0.67,35.35,450,1.5484202674389
42,4-dblp_acm,Ditto,0.95,0.98,0.97,7972,12815.39,2.86,360254.68,45.19,67762,8.5,440832.07,0.64,35.66,12363,1.55214931214713
43,5-dblp_acm-noisy,Ditto,0.92,1,0.98,1933,3184.49,2.95,88338.1,45.7,16430.5,8.5,107953.09,0.16,8.73,12363,0.941111208651038
44,6-dblp_scholar,Ditto,0.93,0.94,0.94,17766,15449.51,1.48,816347.7,45.95,151011,8.5,982808.21,0.62,34.24,28707,1.53448096644973
45,7-dblp_scholar-noisy,Ditto,0.94,0.94,0.95,15245,22868,1.5,671542,44.05,129583,8.5,823993,0.53,28.7,28707,1.45793571298483
46,8-itunes_amazon,Ditto,0.84,0.96,0.9,383,319.96,1.48,16465.17,42.99,3255.5,8.5,20040.63,0.71,37.18,539,1.57032260476411
47,9-itunes_amazon-noisy,Ditto,0.64,0.93,0.77,388,319.19,1.46,16532.68,42.61,3298,8.5,20149.87,0.72,37.38,539,1.57268348338147
48,10-walmart_amazon,Ditto,0.67,0.74,0.72,6597,11517.52,3.08,295545.6,44.8,56074.5,8.5,363137.62,0.64,35.46,10242,1.54968647138887
49,11-walmart_amazon-noisy,Ditto,0.69,0.75,0.71,4404,3910.15,1.51,202055.52,45.88,37434,8.5,243399.67,0.43,23.76,10242,1.37593521358188
50,12-movie,Ditto,0.99,0.99,0.99,27509,24000.47,1.48,1221674.69,44.41,233826.5,8.5,1479501.66,0.67,36.08,41010,1.5572256874876
51,13-abt_buy,Ditto,0.74,0.86,0.82,6254,5424.38,1.48,281367.46,44.99,53159,8.5,339950.84,0.65,35.5,9575,1.55027733598879
52,1-amazon_google,BERT,0.93,0.94,0.94,829,736.38,1.51,25979.75,39.6,6939.44,8.76,33655.57,0.07,2.94,11460,0.467872332654601
53,2-fordors_zagats,BERT,0.78,0.88,0.83,83,70.13,1.46,2129.35,32.26,601.43,6.68,2800.91,0.09,2.96,946,0.471408017715836
54,3-beer,BERT,0.72,0.85,0.78,46,37.95,1.41,977.26,26.41,317.81,7.06,1333.02,0.1,2.96,450,0.471624151635874
55,4-dblp_acm,BERT,0.99,0.99,0.99,892,799.94,1.53,28464.62,40.32,7287.99,8.55,36552.55,0.07,2.96,12363,0.470793810607731
56,5-dblp_acm-noisy,BERT,0.99,0.98,0.98,902,790.36,1.49,28708.01,39.82,7421.18,8.55,36919.55,0.07,2.99,12363,0.475132529672249
57,6-dblp_scholar,BERT,0.98,0.98,0.98,2051,1828.09,1.52,66540.09,40.55,16433.84,8.38,84802.02,0.07,2.95,28707,0.470418388054087
58,7-dblp_scholar-noisy,BERT,0.98,0.98,0.98,2051,1834.66,1.52,66566.14,40.56,16802.36,8.57,85203.16,0.07,2.97,28707,0.47246789280197
59,8-itunes_amazon,BERT,0.57,0.75,0.65,53,44.23,1.47,1223.55,28.45,377.15,7.4,1644.93,0.1,3.05,539,0.484558656089787
60,9-itunes_amazon-noisy,BERT,0.82,0.76,0.67,67,44.05,1.16,1237.61,22.92,367.76,5.75,1649.42,0.12,3.06,539,0.485742491098927
61,10-walmart_amazon,BERT,0.94,0.95,0.95,741,657.93,1.51,23902.84,40.24,6088.11,8.47,30648.88,0.07,2.99,10242,0.476029837251422
62,11-walmart_amazon-noisy,BERT,0.95,0.95,0.95,743,657.93,1.51,23823.52,40.11,6096.79,8.52,30578.24,0.07,2.99,10242,0.47502771349274
63,12-movie,BERT,0.99,0.99,0.99,2944,2966.13,1.75,94497.54,40.59,21526.15,7.65,118989.82,0.07,2.9,41010,0.462620038265201
64,13-abt_buy,BERT,0.96,0.96,0.96,693,619.51,1.52,22405.19,40.37,5665.59,8.56,28690.29,0.07,3,9575,0.476596155454178
